{
  "Thin Strokes" : 0,
  "Working Directory" : "\/Users\/apw",
  "Prompt Before Closing 2" : false,
  "Selected Text Color" : {
    "Green Component" : 0.97864896059036255,
    "Blue Component" : 0.8394431471824646,
    "Red Component" : 0.35316696763038635
  },
  "Rows" : 25,
  "Ansi 11 Color" : {
    "Green Component" : 0.83122169971466064,
    "Blue Component" : 0.99336498975753784,
    "Red Component" : 0.55610543489456177
  },
  "Use Italic Font" : false,
  "Foreground Color" : {
    "Green Component" : 0.33366119861602783,
    "Blue Component" : 0.33485248684883118,
    "Red Component" : 0.25261959433555603
  },
  "Right Option Key Sends" : 0,
  "Character Encoding" : 4,
  "Selection Color" : {
    "Green Component" : 0.33479252457618713,
    "Blue Component" : 0.33323141932487488,
    "Red Component" : 0.25545543432235718
  },
  "Show Mark Indicators" : false,
  "Mouse Reporting" : true,
  "Cursor Boost" : 0,
  "Ansi 4 Color" : {
    "Green Component" : 0.60229140520095825,
    "Blue Component" : 0.52468454837799072,
    "Red Component" : 0.26809084415435791
  },
  "Non-ASCII Anti Aliased" : false,
  "Sync Title" : false,
  "Disable Window Resizing" : true,
  "Description" : "Default",
  "Close Sessions On End" : true,
  "Jobs to Ignore" : [
    "rlogin",
    "ssh",
    "slogin",
    "telnet"
  ],
  "Scrollback Lines" : 1000,
  "Flashing Bell" : true,
  "Cursor Guide Color" : {
    "Red Component" : 0.70213186740875244,
    "Color Space" : "sRGB",
    "Blue Component" : 1,
    "Alpha Component" : 0.25,
    "Green Component" : 0.9268307089805603
  },
  "BM Growl" : true,
  "Ansi 3 Color" : {
    "Green Component" : 0.54421365261077881,
    "Blue Component" : 0.66555774211883545,
    "Red Component" : 0.36770719289779663
  },
  "Use Non-ASCII Font" : false,
  "Link Color" : {
    "Red Component" : 0,
    "Color Space" : "sRGB",
    "Blue Component" : 0.73423302173614502,
    "Alpha Component" : 1,
    "Green Component" : 0.35916060209274292
  },
  "Shortcut" : "",
  "Background Image Location" : "",
  "Bold Color" : {
    "Green Component" : 0.98401087522506714,
    "Blue Component" : 0.83942919969558716,
    "Red Component" : 0.32659181952476501
  },
  "Use Cursor Guide" : false,
  "Unlimited Scrollback" : false,
  "Custom Command" : "No",
  "Keyboard Map" : {
    "0xf700-0x260000" : {
      "Text" : "[1;6A",
      "Action" : 10
    },
    "0x37-0x40000" : {
      "Text" : "0x1f",
      "Action" : 11
    },
    "0x32-0x40000" : {
      "Text" : "0x00",
      "Action" : 11
    },
    "0xf709-0x20000" : {
      "Text" : "[17;2~",
      "Action" : 10
    },
    "0xf70c-0x20000" : {
      "Text" : "[20;2~",
      "Action" : 10
    },
    "0xf729-0x20000" : {
      "Text" : "[1;2H",
      "Action" : 10
    },
    "0xf72b-0x40000" : {
      "Text" : "[1;5F",
      "Action" : 10
    },
    "0xf705-0x20000" : {
      "Text" : "[1;2Q",
      "Action" : 10
    },
    "0xf703-0x260000" : {
      "Text" : "[1;6C",
      "Action" : 10
    },
    "0xf700-0x220000" : {
      "Text" : "[1;2A",
      "Action" : 10
    },
    "0xf701-0x280000" : {
      "Text" : "0x1b 0x1b 0x5b 0x42",
      "Action" : 11
    },
    "0x38-0x40000" : {
      "Text" : "0x7f",
      "Action" : 11
    },
    "0x33-0x40000" : {
      "Text" : "0x1b",
      "Action" : 11
    },
    "0xf703-0x220000" : {
      "Text" : "[1;2C",
      "Action" : 10
    },
    "0xf701-0x240000" : {
      "Text" : "[1;5B",
      "Action" : 10
    },
    "0xf70d-0x20000" : {
      "Text" : "[21;2~",
      "Action" : 10
    },
    "0xf702-0x260000" : {
      "Text" : "[1;6D",
      "Action" : 10
    },
    "0xf729-0x40000" : {
      "Text" : "[1;5H",
      "Action" : 10
    },
    "0xf706-0x20000" : {
      "Text" : "[1;2R",
      "Action" : 10
    },
    "0x34-0x40000" : {
      "Text" : "0x1c",
      "Action" : 11
    },
    "0xf700-0x280000" : {
      "Text" : "0x1b 0x1b 0x5b 0x41",
      "Action" : 11
    },
    "0x2d-0x40000" : {
      "Text" : "0x1f",
      "Action" : 11
    },
    "0xf70e-0x20000" : {
      "Text" : "[23;2~",
      "Action" : 10
    },
    "0xf702-0x220000" : {
      "Text" : "[1;2D",
      "Action" : 10
    },
    "0xf703-0x280000" : {
      "Text" : "0x1b 0x1b 0x5b 0x43",
      "Action" : 11
    },
    "0xf700-0x240000" : {
      "Text" : "[1;5A",
      "Action" : 10
    },
    "0xf707-0x20000" : {
      "Text" : "[1;2S",
      "Action" : 10
    },
    "0xf70a-0x20000" : {
      "Text" : "[18;2~",
      "Action" : 10
    },
    "0x35-0x40000" : {
      "Text" : "0x1d",
      "Action" : 11
    },
    "0xf70f-0x20000" : {
      "Text" : "[24;2~",
      "Action" : 10
    },
    "0xf703-0x240000" : {
      "Text" : "[1;5C",
      "Action" : 10
    },
    "0xf701-0x260000" : {
      "Text" : "[1;6B",
      "Action" : 10
    },
    "0xf702-0x280000" : {
      "Text" : "0x1b 0x1b 0x5b 0x44",
      "Action" : 11
    },
    "0xf72b-0x20000" : {
      "Text" : "[1;2F",
      "Action" : 10
    },
    "0x36-0x40000" : {
      "Text" : "0x1e",
      "Action" : 11
    },
    "0xf708-0x20000" : {
      "Text" : "[15;2~",
      "Action" : 10
    },
    "0xf701-0x220000" : {
      "Text" : "[1;2B",
      "Action" : 10
    },
    "0xf70b-0x20000" : {
      "Text" : "[19;2~",
      "Action" : 10
    },
    "0xf702-0x240000" : {
      "Text" : "[1;5D",
      "Action" : 10
    },
    "0xf704-0x20000" : {
      "Text" : "[1;2P",
      "Action" : 10
    }
  },
  "Ansi 14 Color" : {
    "Green Component" : 0.81537443399429321,
    "Blue Component" : 0.15753474831581116,
    "Red Component" : 0.59671914577484131
  },
  "Ansi 2 Color" : {
    "Green Component" : 0.66417461633682251,
    "Blue Component" : 0.254444420337677,
    "Red Component" : 0.0012253891909494996
  },
  "Send Code When Idle" : false,
  "ASCII Anti Aliased" : true,
  "Tags" : [

  ],
  "Ansi 9 Color" : {
    "Green Component" : 0.25925925374031067,
    "Blue Component" : 0.25925925374031067,
    "Red Component" : 1
  },
  "Use Bold Font" : false,
  "Silence Bell" : true,
  "Ansi 12 Color" : {
    "Green Component" : 0.83360123634338379,
    "Blue Component" : 0.7294076681137085,
    "Red Component" : 0.38056889176368713
  },
  "Window Type" : 0,
  "Allow Title Reporting" : true,
  "Use Bright Bold" : true,
  "Has Hotkey" : false,
  "Cursor Text Color" : {
    "Green Component" : 0.079826399683952332,
    "Blue Component" : 0.073570065200328827,
    "Red Component" : 0.013667856343090534
  },
  "Default Bookmark" : "No",
  "Cursor Color" : {
    "Green Component" : 0.98896878957748413,
    "Blue Component" : 0.8389928936958313,
    "Red Component" : 0.28830507397651672
  },
  "Ansi 1 Color" : {
    "Green Component" : 0.18702366948127747,
    "Blue Component" : 0.17550970613956451,
    "Red Component" : 0.69734972715377808
  },
  "Name" : "Shaman",
  "Guid" : "547A4FB5-3305-4884-90AF-7E40AED40A18",
  "Blinking Cursor" : true,
  "Ansi 8 Color" : {
    "Green Component" : 0.26542419195175171,
    "Blue Component" : 0.3159576952457428,
    "Red Component" : 0.21881616115570068
  },
  "Ansi 10 Color" : {
    "Green Component" : 0.91938275098800659,
    "Blue Component" : 0.36875495314598083,
    "Red Component" : 0.16477291285991669
  },
  "Idle Code" : 0,
  "Badge Color" : {
    "Red Component" : 1,
    "Color Space" : "sRGB",
    "Blue Component" : 0,
    "Alpha Component" : 0.5,
    "Green Component" : 0.1491314172744751
  },
  "Ambiguous Double Width" : false,
  "Cursor Type" : 0,
  "Ansi 0 Color" : {
    "Green Component" : 0.12602922320365906,
    "Blue Component" : 0.15002617239952087,
    "Red Component" : 0.0047772401012480259
  },
  "Blur" : false,
  "Normal Font" : "Input-Regular 13",
  "Vertical Spacing" : 0.99225221197289171,
  "Use Underline Color" : false,
  "Ansi 7 Color" : {
    "Green Component" : 0.33484840393066406,
    "Blue Component" : 0.33322671055793762,
    "Red Component" : 0.25205916166305542
  },
  "Command" : "",
  "Terminal Type" : "xterm-256color",
  "Horizontal Spacing" : 0.95082831325301198,